{
    "theta0": -1105.9721327347056,
    "theta1": 6331.559980189939,
    "X_mean": 101066.25,
    "X_std": 51565.1899106445
}